<TableLayout xmlns:android="http://schemas.android.com/apk/res/android"
    android:layout_width="match_parent"
    android:layout_height="wrap_content"
    >
    <TableRow>
        <TextView
            android:layout_width="wrap_content"
            android:layout_height="wrap_content"
            android:layout_column="0"
            android:text="姓名" />

        <EditText
            android:id = "@+id/editText1"
            android:layout_width="wrap_content"
            android:layout_height="wrap_content"
            android:layout_column="1"
            android:hint="请输入..."
            android:text="  " />
    </TableRow>

    <TableRow>

        <TextView
            android:id="@+id/textView"
            android:layout_width="wrap_content"
            android:layout_height="wrap_content"
            android:layout_column="0"
            android:text="生日" />

        <EditText
            android:id="@+id/editText2"
            android:layout_width="wrap_content"
            android:layout_height="wrap_content"
            android:ems="10"
            android:inputType="date" />

    </TableRow>

    <TableRow>

        <TextView
            android:id="@+id/textView2"
            android:layout_width="wrap_content"
            android:layout_height="wrap_content"
            android:layout_column="0"

            android:text="性别" />

        <RadioGroup>
            <RadioButton
                android:id = "@+id/radioButton1"
                android:layout_width="match_parent"
                android:layout_height="wrap_content"
                android:text="男"
                />
            <RadioButton
                android:id = "@+id/radioButton2"
                android:layout_width="match_parent"
                android:layout_height="wrap_content"
                android:text="女"
                />
        </RadioGroup>

    </TableRow>

    <TableRow>
        <TextView
            android:id="@+id/textView3"
            android:layout_width="wrap_content"
            android:layout_height="wrap_content"
            android:layout_column="0"
            android:text="爱好" />
        <LinearLayout
            android:layout_width="wrap_content"
            android:layout_height="wrap_content"
            android:layout_column="1">
            <CheckBox
                android:id = "@+id/checkBox1"
                android:layout_width="wrap_content"
                android:layout_height="wrap_content"
                android:layout_column="1"
                android:text="旅游" />
            <CheckBox
                android:id = "@+id/checkBox2"
                android:layout_width="wrap_content"
                android:layout_height="wrap_content"
                android:layout_column="1"
                android:text="运动" />
            <CheckBox
                android:id = "@+id/checkBox3"
                android:layout_width="wrap_content"
                android:layout_height="wrap_content"
                android:layout_column="1"
                android:text="汽车" />
            <CheckBox
                android:layout_width="wrap_content"
                android:layout_height="wrap_content"
                android:layout_column="1"
                android:text="宠物" />
        </LinearLayout>
    </TableRow>

    <TableRow>
        <TextView
            android:id="@+id/textView4"
            android:layout_width="wrap_content"
            android:layout_height="wrap_content"
            android:layout_column="0"
            android:text="自我介绍" />

        <TextView
            android:id="@+id/textView5"
            android:layout_width="wrap_content"
            android:layout_height="wrap_content"
            android:background="#FF00FF"
            android:layout_column="1"
            android:text =""/>
    </TableRow>

    <TableRow>
        <Button
            android:id = "@+id/btn1"
            android:layout_width="wrap_content"
            android:layout_height="wrap_content"
            android:onClick="click1"
            android:text ="确定"/>
    </TableRow>
</TableLayout>